<?xml version="1.0" encoding="UTF-8"?>

<mule xmlns:spring="http://www.mulesoft.org/schema/mule/spring" xmlns:ee="http://www.mulesoft.org/schema/mule/ee/core" xmlns:tls="http://www.mulesoft.org/schema/mule/tls"
	xmlns:http="http://www.mulesoft.org/schema/mule/http"
	xmlns="http://www.mulesoft.org/schema/mule/core" xmlns:doc="http://www.mulesoft.org/schema/mule/documentation" xmlns:xsi="http://www.w3.org/2001/XMLSchema-instance" xsi:schemaLocation="http://www.mulesoft.org/schema/mule/ee/core http://www.mulesoft.org/schema/mule/ee/core/current/mule-ee.xsd http://www.mulesoft.org/schema/mule/core http://www.mulesoft.org/schema/mule/core/current/mule.xsd
http://www.mulesoft.org/schema/mule/http http://www.mulesoft.org/schema/mule/http/current/mule-http.xsd
http://www.mulesoft.org/schema/mule/tls http://www.mulesoft.org/schema/mule/tls/current/mule-tls.xsd
http://www.mulesoft.org/schema/mule/spring http://www.mulesoft.org/schema/mule/spring/current/mule-spring.xsd">

	
	<http:listener-config name="HTTP_Listener_config3" doc:name="HTTP Listener config" doc:id="dee92c6f-316e-4918-8701-e68d90097a0c" >
		<http:listener-connection host="0.0.0.0" port="443" protocol="HTTPS" >
			<tls:context >
				<tls:key-store path="keystore.jks" alias="mulesy-server" keyPassword="changeit" password="changeit" />
			</tls:context>
		</http:listener-connection>
	</http:listener-config>
	<http:listener-config name="HTTP_Listener_config2" doc:name="HTTP Listener config" doc:id="ac0111a7-119a-4503-926a-eb86fa23b0c4" >
		<http:listener-connection host="0.0.0.0" port="8081" protocol="HTTP" >
			
		</http:listener-connection>
	</http:listener-config>
	
	<http:request-config name="HTTP_Request_configuration" doc:name="HTTP Request configuration" doc:id="74a1ea97-5002-41fa-8454-7b87edf745d3" >
		<http:request-connection protocol="HTTPS" host="0.0.0.0" port="443"  >
			<tls:context >
				<tls:trust-store path="myTrustStore.jks" password="changeit" type="jks" insecure="true" />
			</tls:context>
		</http:request-connection>
	</http:request-config>
	
	<!-- <import doc:name="Import" doc:id="78c777d4-1d1e-4958-852d-a3e0fd2bfe12" file="exception-logging.xml" /> -->
	<!-- <flow name="demo-mule4Flow" doc:id="2646451b-4aa9-45c8-8824-e412b0ad6c97" >
		<http:listener doc:name="Listener" doc:id="fe3e31de-e04e-4e12-bb22-8f4c8166bfb9" config-ref="HTTP_Listener_config3" path="/demo"/>
		<logger level="INFO" doc:name="Logger" doc:id="ad9042c3-4873-449c-b54e-efb8acf37d5a" message="succesfully invoked ......."/>
		<set-payload value=" succesfully invoked" doc:name="Set Payload" doc:id="017be859-fa25-474f-94c3-9983889290da"  />
	    
	</flow> -->
	
	
	<flow name="demo-mule4Flow-requestor" doc:id="f15e4783-d651-4337-9b44-558f5c05cbaa" >
		<http:listener doc:name="Listener" doc:id="e01795d2-5830-4e99-a799-92129182e074" config-ref="HTTP_Listener_config2" path="/demo2"/>
		<!-- <flow-ref name="pre-api-processing" doc:name="pre-api-processing"/> -->
		<logger level="INFO" doc:name="Logger" doc:id="fe6d0d85-ad36-4dd9-b67a-ad13efb06424" message="succesfully invoked endpoint......."/>
		<!-- <http:request  config-ref="HTTP_Request_configuration" method="GET" path="/demo"/> -->
		<set-variable value="#[['type1','type2','type3','type4']]" variableName="New_Types" />
		<set-variable value="#[null]" variableName="arateclass" />
		<set-variable value="#[{'abc' : '1233'}]" variableName="acenter" />
		<set-variable value="#[{'def' : '1233','xyxz' : '566787'}]" variableName="atown" />
	<ee:transform doc:name="Transform Message" doc:id="ba181ef2-82b4-4087-b585-fd36bf2c5bb6" >
			
			<ee:variables >
				<ee:set-variable variableName="types_string" >
				<![CDATA[%dw 2.0
				   // import java!com::demo::StringAppender
					output application/json
					fun nullCheck (item) = if(item != null) item else {} 
					---
					  nullCheck(vars.arateclass)   ++  nullCheck(vars.acenter) ++ nullCheck(vars.atown)
					// "string" :StringAppender::appender(vars.New_Types)
		 				]]></ee:set-variable>
			</ee:variables>
		</ee:transform>
		<set-payload value="successfully invoked ......" mimeType="application/json"/>
		<!-- <flow-ref name="post-api-processing" doc:name="post-api-processing"/> -->
	 <logger level="INFO" doc:name="Logger" doc:id="da7f1025-0fea-42ff-ae6d-cc4b686952ba" message="response received ....  #[vars.types_string]......."/> 
	</flow>
</mule>

