<?xml version="1.0" encoding="UTF-8"?>

<mule xmlns:tls="http://www.mulesoft.org/schema/mule/tls" xmlns:email="http://www.mulesoft.org/schema/mule/email"
	xmlns:ee="http://www.mulesoft.org/schema/mule/ee/core"
	xmlns:db="http://www.mulesoft.org/schema/mule/db" xmlns:http="http://www.mulesoft.org/schema/mule/http" xmlns="http://www.mulesoft.org/schema/mule/core" xmlns:doc="http://www.mulesoft.org/schema/mule/documentation" xmlns:xsi="http://www.w3.org/2001/XMLSchema-instance" xsi:schemaLocation="http://www.mulesoft.org/schema/mule/core http://www.mulesoft.org/schema/mule/core/current/mule.xsd
http://www.mulesoft.org/schema/mule/http http://www.mulesoft.org/schema/mule/http/current/mule-http.xsd
http://www.mulesoft.org/schema/mule/db http://www.mulesoft.org/schema/mule/db/current/mule-db.xsd
http://www.mulesoft.org/schema/mule/ee/core http://www.mulesoft.org/schema/mule/ee/core/current/mule-ee.xsd
http://www.mulesoft.org/schema/mule/email http://www.mulesoft.org/schema/mule/email/current/mule-email.xsd
http://www.mulesoft.org/schema/mule/tls http://www.mulesoft.org/schema/mule/tls/current/mule-tls.xsd">

	<db:config name="Database_Config" doc:name="Database Config" doc:id="152e691b-8a5d-409c-bee3-9c1d325b4e51" >
		<!-- <db:generic-connection url="jdbc:h2:file:C:/Users/gd518595/h2/h2Test" driverClassName="org.h2.Driver" /> -->
		<db:generic-connection url="jdbc:h2:mem:h2Test;DB_CLOSE_DELAY=-1;DATABASE_TO_UPPER=false" driverClassName="org.h2.Driver" />
	</db:config>
	<configuration-properties doc:name="Configuration properties" doc:id="f3a19adc-aa99-4daa-9908-d7281182ba30" file="application.properties" />
	<!-- <email:smtp-config name="Email_SMTP" doc:name="Email SMTP" doc:id="4e62baa5-ffa8-4e2c-9854-197bba265bff" >
		<email:smtps-connection host="smtp.gmail.com" user="goutam.de158@gmail.com" password="" >
			<tls:context >
				<tls:trust-store type="jceks" insecure="true" />
			</tls:context>
		</email:smtps-connection>
	</email:smtp-config> -->
	<flow name="demo-h2Flow" doc:id="fbe1be0c-4dba-44ab-82b9-3d46946f9577" >
		<http:listener doc:name="Listener" doc:id="0e6fc1b8-afd0-49fd-bbe5-b91824dcd2d9" config-ref="HTTP_Listener_config2" path="/h2"/>
		<db:execute-ddl doc:name="Execute DDL" doc:id="5f9354c7-d485-47cb-ad27-eead4fb98de2" config-ref="Database_Config">
			<db:sql ><![CDATA[CREATE TABLE IF NOT EXISTS student (

   roll INT PRIMARY KEY ,

  name VARCHAR(50) ,

  marks VARCHAR(50) )]]></db:sql>
		</db:execute-ddl>
			<logger level="INFO" doc:name="Logger" doc:id="bbdf5343-8538-44bb-bf16-75ba1c2fae87" message="h2  table  created  successfully  ..... #[payload]"/>
		
		
	<!-- 	<db:insert doc:name="Insert" doc:id="b79ab5c4-820e-496f-af6c-5ae4100fe1dc" config-ref="Database_Config">
			<db:sql ><![CDATA[
			insert into student (roll, name, marks) values (1,'brendon','158');
			insert into student (roll, name, marks) values (2,'eden','159');
			insert into student (roll, name, marks) values (3,'ronaldo','157');
			insert into student (roll, name, marks) values (4,'messi','156');
			insert into student (roll, name, marks) values (5,'hakim','155');
			insert into student (roll, name, marks) values (1,'jose','154');
			insert into student (roll, name, marks) values (1,'goutam','153');
			insert into student (roll, name, marks) values (1,'sandip','152');]]></db:sql>
		</db:insert> -->
		<ee:transform doc:name="Transform Message" doc:id="488401c5-07fe-492a-8c94-48215819e42f" >
			<ee:message >
				<ee:set-payload ><![CDATA[%dw 2.0
output application/json
---
[
  {
    "roll": 1,
    "name": "brendon",
    "marks": "158"
  },
  {
    "roll": 2,
    "name": "eden",
    "marks": "159"
  },
  {
    "roll": 3,
    "name": "ronaldo",
    "marks": "157"
  },
  {
    "roll": 4,
    "name": "messi",
    "marks": "156"
  },
  {
    "roll": 5,
    "name": "hakim",
    "marks": "155"
  },
  {
    "roll": 1,
    "name": "jose",
    "marks": "154"
  },
  {
    "roll": 1,
    "name": "goutam",
    "marks": "153"
  },
  {
    "roll": 6,
    "name": "sandip",
    "marks": "152"
  }
]
]]></ee:set-payload>
			</ee:message>
		</ee:transform>
		<set-variable variableName="actualPayload" value="#[payload]" />
		<db:bulk-insert doc:name="Bulk insert" doc:id="59d8416b-ab02-43d5-b37b-a49ee0d8e0d1" config-ref="Database_Config">
			<db:sql ><![CDATA[insert into student (roll, name, marks) values (:roll,:name,:marks);]]></db:sql>
		</db:bulk-insert>
		<logger level="INFO" doc:name="Logger" doc:id="70a3a532-85d6-4e9b-9fdb-0862d1cd9476" message="h2 data insertion  successfully  ..... #[payload]"/>
		<set-payload value="#[['brendon','eden','jose','goutam']]" mimeType="application/java" />
  <ee:transform doc:name="Transform Message" doc:id="687e0976-1368-4078-bfd3-ff2bda29a1ab" >
			
			<ee:variables >
				<ee:set-variable variableName="inClause" ><![CDATA[%dw 2.0
output application/java
---
payload map ":arg$$" reduce ((item, accumulator) -> accumulator ++ ", " ++ item)
]]></ee:set-variable>
<ee:set-variable variableName="inParam" ><![CDATA[%dw 2.0
output application/java
---
payload map {"arg$$" : $} reduce ((item, accumulator = {}) -> item ++ accumulator)
]]></ee:set-variable>
			</ee:variables>

				
		</ee:transform>

		<db:select doc:name="Select" doc:id="a1e50574-4a70-4d3c-a333-7580cce8a712" config-ref="Database_Config">
			<!-- <db:sql >#['select * from student where name IN ($(vars.inClause))']
			   
			</db:sql> -->
			<db:sql>#['select * from student']</db:sql>
			<!-- <db:input-parameters><![CDATA[#[vars.inParam]]]></db:input-parameters> -->
		</db:select>
		
		<ee:transform doc:name="Transform Message" doc:id="3b1e8754-c3bb-4875-a459-c17e8cac6c0e" >
			<ee:message >
				<ee:set-payload ><![CDATA[%dw 2.0
output application/json
---
payload
]]></ee:set-payload>
			</ee:message>
		</ee:transform>
		<logger level="INFO" doc:name="Logger" doc:id="eba47fa6-3232-4208-a242-80d777e6d395" message="h2  select query  successfully  ..... #[payload]"/>
		<error-handler >
			<on-error-propagate enableNotifications="true" logException="true" doc:name="On Error Propagate" doc:id="4966a562-3e2a-4baf-a0fb-a8cbdecc2875" type="DB:QUERY_EXECUTION">
				<logger level="INFO" doc:name="Logger" doc:id="a585d7cf-c28c-48da-9276-2168ff6d7cde" message="#[error.cause]"/>
				<set-variable value="#[error.exception.cause.cause.updateCounts]" variableName="totalRecord" />
				<ee:transform doc:name="Transform Message" doc:id="016052ed-0f44-499b-a5bf-5b05f9a056e0" >
					<ee:variables >
					
					<ee:set-variable variableName="totalRecordCount" ><![CDATA[%dw 2.0
output application/java
---

   sizeOf(vars.totalRecord) 
]]></ee:set-variable>
						<ee:set-variable variableName="successCount" ><![CDATA[%dw 2.0
output application/java
---

   sizeOf(vars.totalRecord filter $ == 1)
]]></ee:set-variable>
						<ee:set-variable variableName="errorCount" ><![CDATA[%dw 2.0
output application/java
---
  sizeOf(vars.totalRecord filter $ != 1)
]]></ee:set-variable>
					</ee:variables>
		
</ee:transform>
		<ee:transform doc:name="Transform Message" doc:id="28af62e3-6ae4-4319-93b8-44a3fa729e26" >
				<ee:message >
								<ee:set-payload ><![CDATA[%dw 2.0
				output application/json
				---
				{
				  totalRecords : vars.totalRecordCount,
				  successfulRecordsCount : vars.successCount,
				  failedRecordsCount :   vars.errorCount,
				  failedRecords : (error.exception.cause.cause.updateCounts map (value, index) -> 
										   {  
										      key : (index) , 
										      value : value,
										      record: vars.actualPayload[(index)]
										  } ) filter $.value != 1
										  
										  
				}
				
				
				]]></ee:set-payload>
							</ee:message>
		</ee:transform>
		
		<logger level="INFO" doc:name="Logger" doc:id="86fce63b-9de0-4a36-ad95-31db693c6d61" message="  ######## End Report forBulk Insert is ::  \n  #[payload]  #######"/>
		
		<!-- <email:send doc:name="Send" doc:id="991d5422-b65e-43cb-8948-b77afa13436d" config-ref="Email_SMTP" fromAddress="example@gmail.com" subject="Error Message with Correlation ID : #[correlationId]">
					<email:to-addresses >
						<email:to-address value="goutam.de158@gmail.com" />
					</email:to-addresses>
					
					<email:headers ><![CDATA[#[output application/java
-&#45;&#45;
{
	"mail.smtp.starttls.enable" : "true"
}]]]></email:headers>
					<email:body contentType="text/plain" />
				</email:send>
				
				<logger level="INFO" doc:name="Logger" doc:id="1a3bdd90-d7da-4e57-b35d-654556e8bbdb" message=" ######## End Report sent to appropiate recipient #########"/> -->
			</on-error-propagate>
		</error-handler>
	
		
	</flow>
</mule>
