<?xml version="1.0" encoding="UTF-8"?>

<mule xmlns:ee="http://www.mulesoft.org/schema/mule/ee/core" xmlns:x12="http://www.mulesoft.org/schema/mule/x12"
	xmlns:file="http://www.mulesoft.org/schema/mule/file"
	xmlns:sftp="http://www.mulesoft.org/schema/mule/sftp" xmlns="http://www.mulesoft.org/schema/mule/core" xmlns:doc="http://www.mulesoft.org/schema/mule/documentation" xmlns:xsi="http://www.w3.org/2001/XMLSchema-instance" xsi:schemaLocation="http://www.mulesoft.org/schema/mule/core http://www.mulesoft.org/schema/mule/core/current/mule.xsd
http://www.mulesoft.org/schema/mule/sftp http://www.mulesoft.org/schema/mule/sftp/current/mule-sftp.xsd
http://www.mulesoft.org/schema/mule/file http://www.mulesoft.org/schema/mule/file/current/mule-file.xsd
http://www.mulesoft.org/schema/mule/x12 http://www.mulesoft.org/schema/mule/x12/current/mule-x12.xsd
http://www.mulesoft.org/schema/mule/ee/core http://www.mulesoft.org/schema/mule/ee/core/current/mule-ee.xsd">
	<file:config name="File_Config" doc:name="File Config" doc:id="38be905a-7649-411e-87c0-82a0f5db6801" >
		<file:connection workingDir="C:\Users\gd518595\Downloads\NaturesPath\edi_sample\810" />
	</file:config>
	<x12:config name="X12_EDI_Config" doc:name="X12 EDI Config" doc:id="f4ee508b-c5db-490d-a6e7-fc699871ef5b" >
		<x12:schemas >
			<x12:schema value="#['/x12/004010/810.esl']" />
		</x12:schemas>
	</x12:config>
	<flow name="demo-810Flow" doc:id="393154ec-be0d-40f4-93e6-0d2157d2da8e" >
		<file:listener doc:name="On New or Updated File" doc:id="f08f216c-5ba6-4871-9b5a-90cef12c09ce" config-ref="File_Config" timeBetweenSizeCheckUnit="DAYS">
			<scheduling-strategy >
				<fixed-frequency frequency="10000" />
			</scheduling-strategy>
		</file:listener>
		<x12:read doc:name="Read" doc:id="dca97708-32a9-4e7e-b6d4-1c8a82fea191" config-ref="X12_EDI_Config"/>
		<ee:transform doc:name="Transform Message" doc:id="a571b5b2-4a11-4ad5-9947-79ff054feb6a" >
			<ee:message >
				<ee:set-payload ><![CDATA[%dw 2.0
output application/json
---
payload]]></ee:set-payload>
			</ee:message>
		</ee:transform>
		<logger level="INFO" doc:name="Logger" doc:id="3ab825d5-f2ac-46ff-9c2a-3e79c29e8021" message="#[payload]"/>
	</flow>
</mule>
